model,family,evaluated_users,AUC,MRR,NDCG@10,Recall@10,Precision@10,NDCG@20,Recall@20,Precision@20,NDCG@50,Recall@50,Precision@50
LightGCN,recbole,1655,0.87514284615593,0.0984864979404392,0.1151325793646862,0.1861027190332326,0.0186102719033232,0.1248057190753531,0.2247734138972809,0.011238670694864,0.1364280837153629,0.283987915407855,0.005679758308157
BPR,recbole,1655,0.8711909380915921,0.1072207028507619,0.1250383536771019,0.2012084592145015,0.0201208459214501,0.1362503207321119,0.2459214501510574,0.0122960725075528,0.1458613317952003,0.2942598187311178,0.0058851963746223
ItemCF,local-baseline,1655,0.8597757646413046,0.17169152956518435,0.21140730969343297,0.3558912386706949,0.035589123867069486,0.22355884867760167,0.4054380664652568,0.020271903323262837,0.23366331225819803,0.4555891238670695,0.00911178247734139
NCF,recbole,1655,0.8275596171583788,0.1049755477055837,0.1226846354954295,0.2030211480362538,0.0203021148036253,0.1326615357815717,0.2422960725075528,0.0121148036253776,0.1460720011418968,0.3093655589123867,0.0061873111782477
TextMoRec-BERTchinese-SASRec-seq100,text-modality,1655,0.8015084598178307,0.14595029348731453,0.1815525542629389,0.2972809667673716,0.02972809667673716,0.18620982338853267,0.31540785498489426,0.015770392749244713,0.1941313834863077,0.3558912386706949,0.007117824773413898
UserCF,local-baseline,1655,0.792907534255818,0.1534630542451492,0.1823080521130109,0.2948640483383686,0.029486404833836858,0.19278281953754742,0.33716012084592145,0.01685800604229607,0.2037312251285033,0.39274924471299094,0.00785498489425982
SASRec,recbole,1655,0.7511147734818348,0.07881580575346706,0.09671461030463913,0.1583081570996979,0.01583081570996979,0.09873292290047431,0.1661631419939577,0.008308157099697885,0.1061491232526421,0.20422960725075529,0.0040845921450151056
GRU4Rec,recbole,1655,0.6509972767172696,0.07137501842033256,0.08755782014689784,0.13897280966767372,0.013897280966767374,0.08971131814213176,0.1474320241691843,0.007371601208459215,0.09246003435595056,0.16132930513595167,0.003226586102719033
Popularity,local-baseline,1655,0.6274063473867937,0.11957196739815637,0.1515463664238261,0.25075528700906347,0.025075528700906343,0.1515463664238261,0.25075528700906347,0.012537764350453172,0.15179774029171209,0.25196374622356493,0.005039274924471298
