model,metric,value,evaluated_users,family
LightGCN,AUC,0.87514284615593,1655,recbole
BPR,AUC,0.8711909380915921,1655,recbole
ItemCF,AUC,0.8597757646413046,1655,local-baseline
NCF,AUC,0.8275596171583788,1655,recbole
TextMoRec-BERTchinese-SASRec-seq100,AUC,0.8015084598178307,1655,text-modality
UserCF,AUC,0.792907534255818,1655,local-baseline
SASRec,AUC,0.7511147734818348,1655,recbole
GRU4Rec,AUC,0.6509972767172696,1655,recbole
Popularity,AUC,0.6274063473867937,1655,local-baseline
ItemCF,MRR,0.17169152956518435,1655,local-baseline
UserCF,MRR,0.1534630542451492,1655,local-baseline
TextMoRec-BERTchinese-SASRec-seq100,MRR,0.14595029348731453,1655,text-modality
Popularity,MRR,0.11957196739815637,1655,local-baseline
BPR,MRR,0.1072207028507619,1655,recbole
NCF,MRR,0.1049755477055837,1655,recbole
LightGCN,MRR,0.0984864979404392,1655,recbole
SASRec,MRR,0.07881580575346706,1655,recbole
GRU4Rec,MRR,0.07137501842033256,1655,recbole
ItemCF,NDCG@10,0.21140730969343297,1655,local-baseline
UserCF,NDCG@10,0.1823080521130109,1655,local-baseline
TextMoRec-BERTchinese-SASRec-seq100,NDCG@10,0.1815525542629389,1655,text-modality
Popularity,NDCG@10,0.1515463664238261,1655,local-baseline
BPR,NDCG@10,0.1250383536771019,1655,recbole
NCF,NDCG@10,0.1226846354954295,1655,recbole
LightGCN,NDCG@10,0.1151325793646862,1655,recbole
SASRec,NDCG@10,0.09671461030463913,1655,recbole
GRU4Rec,NDCG@10,0.08755782014689784,1655,recbole
ItemCF,NDCG@20,0.22355884867760167,1655,local-baseline
UserCF,NDCG@20,0.19278281953754742,1655,local-baseline
TextMoRec-BERTchinese-SASRec-seq100,NDCG@20,0.18620982338853267,1655,text-modality
Popularity,NDCG@20,0.1515463664238261,1655,local-baseline
BPR,NDCG@20,0.1362503207321119,1655,recbole
NCF,NDCG@20,0.1326615357815717,1655,recbole
LightGCN,NDCG@20,0.1248057190753531,1655,recbole
SASRec,NDCG@20,0.09873292290047431,1655,recbole
GRU4Rec,NDCG@20,0.08971131814213176,1655,recbole
ItemCF,NDCG@50,0.23366331225819803,1655,local-baseline
UserCF,NDCG@50,0.2037312251285033,1655,local-baseline
TextMoRec-BERTchinese-SASRec-seq100,NDCG@50,0.1941313834863077,1655,text-modality
Popularity,NDCG@50,0.15179774029171209,1655,local-baseline
NCF,NDCG@50,0.1460720011418968,1655,recbole
BPR,NDCG@50,0.1458613317952003,1655,recbole
LightGCN,NDCG@50,0.1364280837153629,1655,recbole
SASRec,NDCG@50,0.1061491232526421,1655,recbole
GRU4Rec,NDCG@50,0.09246003435595056,1655,recbole
ItemCF,Recall@10,0.3558912386706949,1655,local-baseline
TextMoRec-BERTchinese-SASRec-seq100,Recall@10,0.2972809667673716,1655,text-modality
UserCF,Recall@10,0.2948640483383686,1655,local-baseline
Popularity,Recall@10,0.25075528700906347,1655,local-baseline
NCF,Recall@10,0.2030211480362538,1655,recbole
BPR,Recall@10,0.2012084592145015,1655,recbole
LightGCN,Recall@10,0.1861027190332326,1655,recbole
SASRec,Recall@10,0.1583081570996979,1655,recbole
GRU4Rec,Recall@10,0.13897280966767372,1655,recbole
ItemCF,Recall@20,0.4054380664652568,1655,local-baseline
UserCF,Recall@20,0.33716012084592145,1655,local-baseline
TextMoRec-BERTchinese-SASRec-seq100,Recall@20,0.31540785498489426,1655,text-modality
Popularity,Recall@20,0.25075528700906347,1655,local-baseline
BPR,Recall@20,0.2459214501510574,1655,recbole
NCF,Recall@20,0.2422960725075528,1655,recbole
LightGCN,Recall@20,0.2247734138972809,1655,recbole
SASRec,Recall@20,0.1661631419939577,1655,recbole
GRU4Rec,Recall@20,0.1474320241691843,1655,recbole
ItemCF,Recall@50,0.4555891238670695,1655,local-baseline
UserCF,Recall@50,0.39274924471299094,1655,local-baseline
TextMoRec-BERTchinese-SASRec-seq100,Recall@50,0.3558912386706949,1655,text-modality
NCF,Recall@50,0.3093655589123867,1655,recbole
BPR,Recall@50,0.2942598187311178,1655,recbole
LightGCN,Recall@50,0.283987915407855,1655,recbole
Popularity,Recall@50,0.25196374622356493,1655,local-baseline
SASRec,Recall@50,0.20422960725075529,1655,recbole
GRU4Rec,Recall@50,0.16132930513595167,1655,recbole
ItemCF,Precision@10,0.035589123867069486,1655,local-baseline
TextMoRec-BERTchinese-SASRec-seq100,Precision@10,0.02972809667673716,1655,text-modality
UserCF,Precision@10,0.029486404833836858,1655,local-baseline
Popularity,Precision@10,0.025075528700906343,1655,local-baseline
NCF,Precision@10,0.0203021148036253,1655,recbole
BPR,Precision@10,0.0201208459214501,1655,recbole
LightGCN,Precision@10,0.0186102719033232,1655,recbole
SASRec,Precision@10,0.01583081570996979,1655,recbole
GRU4Rec,Precision@10,0.013897280966767374,1655,recbole
ItemCF,Precision@20,0.020271903323262837,1655,local-baseline
UserCF,Precision@20,0.01685800604229607,1655,local-baseline
TextMoRec-BERTchinese-SASRec-seq100,Precision@20,0.015770392749244713,1655,text-modality
Popularity,Precision@20,0.012537764350453172,1655,local-baseline
BPR,Precision@20,0.0122960725075528,1655,recbole
NCF,Precision@20,0.0121148036253776,1655,recbole
LightGCN,Precision@20,0.011238670694864,1655,recbole
SASRec,Precision@20,0.008308157099697885,1655,recbole
GRU4Rec,Precision@20,0.007371601208459215,1655,recbole
ItemCF,Precision@50,0.00911178247734139,1655,local-baseline
UserCF,Precision@50,0.00785498489425982,1655,local-baseline
TextMoRec-BERTchinese-SASRec-seq100,Precision@50,0.007117824773413898,1655,text-modality
NCF,Precision@50,0.0061873111782477,1655,recbole
BPR,Precision@50,0.0058851963746223,1655,recbole
LightGCN,Precision@50,0.005679758308157,1655,recbole
Popularity,Precision@50,0.005039274924471298,1655,local-baseline
SASRec,Precision@50,0.0040845921450151056,1655,recbole
GRU4Rec,Precision@50,0.003226586102719033,1655,recbole
