model,metric,value,evaluated_users
BPR,AUC,0.8711909380915921,1655
BPR,MRR,0.1072207028507619,1655
BPR,NDCG@10,0.1250383536771019,1655
BPR,NDCG@20,0.1362503207321119,1655
BPR,NDCG@50,0.1458613317952003,1655
BPR,Precision@10,0.0201208459214501,1655
BPR,Precision@20,0.0122960725075528,1655
BPR,Precision@50,0.0058851963746223,1655
BPR,Recall@10,0.2012084592145015,1655
BPR,Recall@20,0.2459214501510574,1655
BPR,Recall@50,0.2942598187311178,1655
LightGCN,AUC,0.87514284615593,1655
LightGCN,MRR,0.0984864979404392,1655
LightGCN,NDCG@10,0.1151325793646862,1655
LightGCN,NDCG@20,0.1248057190753531,1655
LightGCN,NDCG@50,0.1364280837153629,1655
LightGCN,Precision@10,0.0186102719033232,1655
LightGCN,Precision@20,0.011238670694864,1655
LightGCN,Precision@50,0.005679758308157,1655
LightGCN,Recall@10,0.1861027190332326,1655
LightGCN,Recall@20,0.2247734138972809,1655
LightGCN,Recall@50,0.283987915407855,1655
SASRec,AUC,0.7511147734818348,1655
SASRec,MRR,0.07881580575346706,1655
SASRec,NDCG@10,0.09671461030463913,1655
SASRec,NDCG@20,0.09873292290047431,1655
SASRec,NDCG@50,0.1061491232526421,1655
SASRec,Precision@10,0.01583081570996979,1655
SASRec,Precision@20,0.008308157099697885,1655
SASRec,Precision@50,0.0040845921450151056,1655
SASRec,Recall@10,0.1583081570996979,1655
SASRec,Recall@20,0.1661631419939577,1655
SASRec,Recall@50,0.20422960725075529,1655
GRU4Rec,AUC,0.6509972767172696,1655
GRU4Rec,MRR,0.07137501842033256,1655
GRU4Rec,NDCG@10,0.08755782014689784,1655
GRU4Rec,NDCG@20,0.08971131814213176,1655
GRU4Rec,NDCG@50,0.09246003435595056,1655
GRU4Rec,Precision@10,0.013897280966767374,1655
GRU4Rec,Precision@20,0.007371601208459215,1655
GRU4Rec,Precision@50,0.003226586102719033,1655
GRU4Rec,Recall@10,0.13897280966767372,1655
GRU4Rec,Recall@20,0.1474320241691843,1655
GRU4Rec,Recall@50,0.16132930513595167,1655
NCF,AUC,0.8275596171583788,1655
NCF,MRR,0.1049755477055837,1655
NCF,NDCG@10,0.1226846354954295,1655
NCF,NDCG@20,0.1326615357815717,1655
NCF,NDCG@50,0.1460720011418968,1655
NCF,Precision@10,0.0203021148036253,1655
NCF,Precision@20,0.0121148036253776,1655
NCF,Precision@50,0.0061873111782477,1655
NCF,Recall@10,0.2030211480362538,1655
NCF,Recall@20,0.2422960725075528,1655
NCF,Recall@50,0.3093655589123867,1655
